year,filename,perplexity
1981,1981_Thinktank_CR_Heritage_85.txt_chunk3,58.13045883178711
1981,1981_Thinktank_CR_Heritage_85.txt_chunk2,37.25397872924805
1981,1981_Thinktank_CR_Heritage_85.txt_chunk1,75.58445739746094
1981,1981_Thinktank_CR_Heritage_85.txt_chunk0,41.35834884643555
1981,1981_Thinktank_CR_Brookings_84.txt_chunk11,75.67021179199219
1981,1981_Thinktank_CR_Brookings_84.txt_chunk12,50.8365478515625
1981,1981_Thinktank_CR_Brookings_84.txt_chunk10,86.15969848632812
1981,1981_Thinktank_CR_Brookings_84.txt_chunk9,53.98808288574219
1981,1981_Thinktank_CR_Brookings_84.txt_chunk8,55.50665283203125
1981,1981_Thinktank_CR_Brookings_84.txt_chunk7,55.58749008178711
1981,1981_Thinktank_CR_Brookings_84.txt_chunk6,64.98231506347656
1981,1981_Thinktank_CR_Brookings_84.txt_chunk5,80.10253143310547
1981,1981_Thinktank_CR_Heritage_35.txt_chunk0,116.96951293945312
1981,1981_Thinktank_CR_CFR_1.txt_chunk0,75.36370086669922
1981,1981_Thinktank_CR_Brookings_84.txt_chunk4,73.85730743408203
1981,1981_Thinktank_CR_Brookings_84.txt_chunk3,80.2992172241211
1981,1981_Thinktank_CR_Brookings_84.txt_chunk2,90.74170684814453
1981,1981_Thinktank_CR_Brookings_84.txt_chunk1,62.42914581298828
1981,1981_Thinktank_CR_Brookings_84.txt_chunk0,65.86705017089844
1981,1981_Thinktank_CR_Brookings_27.txt_chunk2,92.33409881591797
1981,1981_Thinktank_CR_Brookings_27.txt_chunk1,52.961395263671875
1981,1981_Thinktank_CR_Brookings_27.txt_chunk0,87.10152435302734
1983,1983_Thinktank_CR_CFR_57.txt_chunk15,121.71195220947266
1983,1983_Thinktank_CR_CFR_57.txt_chunk2,74.20445251464844
1983,1983_Thinktank_CR_CFR_57.txt_chunk3,109.63162994384766
1983,1983_Thinktank_CR_CFR_57.txt_chunk4,102.04436492919922
1983,1983_Thinktank_CR_CFR_57.txt_chunk5,70.73717498779297
1983,1983_Thinktank_CR_CFR_57.txt_chunk6,77.3812026977539
1983,1983_Thinktank_CR_CFR_57.txt_chunk7,78.01679229736328
1983,1983_Thinktank_CR_CFR_57.txt_chunk8,85.71762084960938
1983,1983_Thinktank_CR_CFR_57.txt_chunk9,115.13750457763672
1983,1983_Thinktank_CR_CFR_57.txt_chunk10,82.16944122314453
1983,1983_Thinktank_CR_CFR_57.txt_chunk11,72.03448486328125
1983,1983_Thinktank_CR_CFR_57.txt_chunk12,53.81050109863281
1983,1983_Thinktank_CR_CFR_57.txt_chunk13,92.97250366210938
1983,1983_Thinktank_CR_CFR_57.txt_chunk14,92.15596008300781
1983,1983_Thinktank_CR_Heritage_22.txt_chunk4,85.70335388183594
1983,1983_Thinktank_CR_CFR_57.txt_chunk1,73.68160247802734
1983,1983_Thinktank_CR_CFR_57.txt_chunk0,61.921112060546875
1983,1983_Thinktank_CR_Heritage_22.txt_chunk19,46.104461669921875
1983,1983_Thinktank_CR_Heritage_22.txt_chunk18,61.41132354736328
1983,1983_Thinktank_CR_Heritage_22.txt_chunk17,66.56346893310547
1983,1983_Thinktank_CR_Heritage_22.txt_chunk16,116.23696899414062
1983,1983_Thinktank_CR_Heritage_22.txt_chunk15,64.2069091796875
1983,1983_Thinktank_CR_Heritage_22.txt_chunk14,78.76140594482422
1983,1983_Thinktank_CR_Heritage_22.txt_chunk13,93.24119567871094
1983,1983_Thinktank_CR_Heritage_22.txt_chunk12,119.75147247314453
1983,1983_Thinktank_CR_Heritage_22.txt_chunk11,185.3419952392578
1983,1983_Thinktank_CR_Heritage_22.txt_chunk10,87.87178039550781
1983,1983_Thinktank_CR_Heritage_22.txt_chunk9,88.57051086425781
1983,1983_Thinktank_CR_Heritage_22.txt_chunk8,108.63980865478516
1983,1983_Thinktank_CR_Heritage_22.txt_chunk7,92.4896469116211
1983,1983_Thinktank_CR_Heritage_22.txt_chunk5,128.60064697265625
1983,1983_Thinktank_CR_CFR_57.txt_chunk30,102.16389465332031
1983,1983_Thinktank_CR_Heritage_74.txt_chunk0,91.42627716064453
1983,1983_Thinktank_CR_Heritage_74.txt_chunk1,82.74439239501953
1983,1983_Thinktank_CR_Heritage_2.txt_chunk1,55.8734016418457
1983,1983_Thinktank_CR_Heritage_2.txt_chunk2,79.02824401855469
1983,1983_Thinktank_CR_Heritage_60.txt_chunk0,96.30852508544922
1983,1983_Thinktank_CR_Heritage_60.txt_chunk1,143.94989013671875
1983,1983_Thinktank_CR_CFR_57.txt_chunk36,84.75647735595703
1983,1983_Thinktank_CR_CFR_57.txt_chunk35,64.37128448486328
1983,1983_Thinktank_CR_CFR_57.txt_chunk34,66.29045867919922
1983,1983_Thinktank_CR_CFR_57.txt_chunk33,69.20366668701172
1983,1983_Thinktank_CR_CFR_57.txt_chunk32,105.32543182373047
1983,1983_Thinktank_CR_CFR_57.txt_chunk31,175.44874572753906
1983,1983_Thinktank_CR_Heritage_22.txt_chunk6,52.929317474365234
1983,1983_Thinktank_CR_CFR_57.txt_chunk16,72.78458404541016
1983,1983_Thinktank_CR_CFR_57.txt_chunk29,72.2759780883789
1983,1983_Thinktank_CR_CFR_57.txt_chunk37,62.439537048339844
1983,1983_Thinktank_CR_CFR_57.txt_chunk28,72.59297943115234
1983,1983_Thinktank_CR_CFR_57.txt_chunk27,126.0245590209961
1983,1983_Thinktank_CR_CFR_57.txt_chunk26,75.19702911376953
1983,1983_Thinktank_CR_CFR_57.txt_chunk25,85.41039276123047
1983,1983_Thinktank_CR_CFR_57.txt_chunk24,144.294189453125
1983,1983_Thinktank_CR_CFR_57.txt_chunk23,77.0219497680664
1983,1983_Thinktank_CR_CFR_57.txt_chunk22,86.04375457763672
1983,1983_Thinktank_CR_CFR_57.txt_chunk21,80.66544342041016
1983,1983_Thinktank_CR_CFR_57.txt_chunk20,134.8872833251953
1983,1983_Thinktank_CR_CFR_57.txt_chunk19,118.00755310058594
1983,1983_Thinktank_CR_CFR_57.txt_chunk18,123.43749237060547
1983,1983_Thinktank_CR_CFR_57.txt_chunk17,112.22793579101562
1983,1983_Thinktank_CR_Heritage_22.txt_chunk2,79.41813659667969
1983,1983_Thinktank_CR_Heritage_20.txt_chunk3,112.32907104492188
1983,1983_Thinktank_CR_Heritage_20.txt_chunk2,37.50172805786133
1983,1983_Thinktank_CR_Heritage_20.txt_chunk1,42.36522674560547
1983,1983_Thinktank_CR_Heritage_2.txt_chunk0,52.49797821044922
1983,1983_Thinktank_CR_Heritage_20.txt_chunk0,24.269956588745117
1983,1983_Thinktank_CR_CFR_38.txt_chunk1,131.6443634033203
1983,1983_Thinktank_CR_CFR_38.txt_chunk0,67.14934539794922
1983,1983_Thinktank_CR_Heritage_22.txt_chunk0,104.90425109863281
1983,1983_Thinktank_CR_Heritage_22.txt_chunk3,72.39635467529297
1983,1983_Thinktank_CR_Heritage_22.txt_chunk1,92.60050201416016
1985,1985_Thinktank_CR_AEI_66.txt_chunk8,94.6758041381836
1985,1985_Thinktank_CR_AEI_66.txt_chunk25,77.44986724853516
1985,1985_Thinktank_CR_AEI_66.txt_chunk9,113.60781860351562
1985,1985_Thinktank_CR_AEI_66.txt_chunk10,126.85252380371094
1985,1985_Thinktank_CR_AEI_66.txt_chunk11,152.96893310546875
1985,1985_Thinktank_CR_AEI_66.txt_chunk12,153.68453979492188
1985,1985_Thinktank_CR_AEI_66.txt_chunk18,62.5533447265625
1985,1985_Thinktank_CR_AEI_66.txt_chunk19,75.42535400390625
1985,1985_Thinktank_CR_AEI_66.txt_chunk20,98.22579193115234
1985,1985_Thinktank_CR_AEI_66.txt_chunk21,120.76858520507812
1985,1985_Thinktank_CR_AEI_66.txt_chunk29,82.72920227050781
1985,1985_Thinktank_CR_CFR_48.txt_chunk17,77.54228210449219
1985,1985_Thinktank_CR_CFR_63.txt_chunk0,140.1622314453125
1985,1985_Thinktank_CR_AEI_66.txt_chunk28,71.39249420166016
1985,1985_Thinktank_CR_AEI_66.txt_chunk27,79.35783386230469
1985,1985_Thinktank_CR_AEI_66.txt_chunk26,83.5186767578125
1985,1985_Thinktank_CR_AEI_66.txt_chunk22,122.63555145263672
1985,1985_Thinktank_CR_AEI_66.txt_chunk23,48.754390716552734
1985,1985_Thinktank_CR_AEI_66.txt_chunk24,73.08011627197266
1985,1985_Thinktank_CR_Heritage_9.txt_chunk2,63.377197265625
1985,1985_Thinktank_CR_CFR_48.txt_chunk16,135.02749633789062
1985,1985_Thinktank_CR_CFR_48.txt_chunk15,113.12999725341797
1985,1985_Thinktank_CR_CFR_48.txt_chunk14,87.05024719238281
1985,1985_Thinktank_CR_CFR_48.txt_chunk13,116.39204406738281
1985,1985_Thinktank_CR_CFR_48.txt_chunk12,120.12406921386719
1985,1985_Thinktank_CR_CFR_48.txt_chunk11,121.2227554321289
1985,1985_Thinktank_CR_AEI_66.txt_chunk13,102.8798828125
1985,1985_Thinktank_CR_AEI_66.txt_chunk14,110.30717468261719
1985,1985_Thinktank_CR_AEI_66.txt_chunk15,66.79254913330078
1985,1985_Thinktank_CR_Heritage_9.txt_chunk0,79.19407653808594
1985,1985_Thinktank_CR_Heritage_9.txt_chunk1,135.0942840576172
1985,1985_Thinktank_CR_AEI_66.txt_chunk7,119.6392593383789
1985,1985_Thinktank_CR_Heritage_9.txt_chunk3,50.528587341308594
1985,1985_Thinktank_CR_Heritage_9.txt_chunk4,102.7255630493164
1985,1985_Thinktank_CR_AEI_66.txt_chunk16,88.9804916381836
1985,1985_Thinktank_CR_CFR_51.txt_chunk0,30.774877548217773
1985,1985_Thinktank_CR_CFR_51.txt_chunk1,44.859397888183594
1985,1985_Thinktank_CR_AEI_66.txt_chunk17,102.64212799072266
1985,1985_Thinktank_CR_AEI_66.txt_chunk4,75.9710464477539
1985,1985_Thinktank_CR_AEI_66.txt_chunk5,115.23104095458984
1985,1985_Thinktank_CR_AEI_66.txt_chunk6,67.54170227050781
1985,1985_Thinktank_CR_CFR_63.txt_chunk1,18.432008743286133
1985,1985_Thinktank_CR_CFR_48.txt_chunk4,101.70326232910156
1985,1985_Thinktank_CR_CFR_48.txt_chunk5,93.5905990600586
1985,1985_Thinktank_CR_CFR_48.txt_chunk6,69.17354583740234
1985,1985_Thinktank_CR_CFR_48.txt_chunk7,63.89720916748047
1985,1985_Thinktank_CR_CFR_48.txt_chunk8,105.1686019897461
1985,1985_Thinktank_CR_CFR_28.txt_chunk0,35.19306182861328
1985,1985_Thinktank_CR_CFR_48.txt_chunk9,77.43797302246094
1985,1985_Thinktank_CR_CFR_48.txt_chunk0,70.0482406616211
1985,1985_Thinktank_CR_AEI_66.txt_chunk3,67.9803237915039
1985,1985_Thinktank_CR_AEI_66.txt_chunk2,46.27761459350586
1985,1985_Thinktank_CR_AEI_66.txt_chunk1,63.74544143676758
1985,1985_Thinktank_CR_AEI_66.txt_chunk0,109.88666534423828
1985,1985_Thinktank_CR_CFR_48.txt_chunk1,49.927825927734375
1985,1985_Thinktank_CR_CFR_48.txt_chunk2,64.46066284179688
1985,1985_Thinktank_CR_CFR_48.txt_chunk3,108.21109771728516
1985,1985_Thinktank_CR_CFR_48.txt_chunk10,136.82139587402344
1987,1987_Thinktank_CR_Brookings_33.txt_chunk4,78.57579803466797
1987,1987_Thinktank_CR_Brookings_33.txt_chunk5,76.6463851928711
1987,1987_Thinktank_CR_Brookings_33.txt_chunk6,74.7318344116211
1987,1987_Thinktank_CR_Brookings_33.txt_chunk7,95.37940979003906
1987,1987_Thinktank_CR_Brookings_33.txt_chunk8,49.875892639160156
1987,1987_Thinktank_CR_Brookings_33.txt_chunk9,54.6873893737793
1987,1987_Thinktank_CR_Brookings_33.txt_chunk10,73.02536010742188
1987,1987_Thinktank_CR_Brookings_33.txt_chunk11,73.33781433105469
1987,1987_Thinktank_CR_Heritage_58.txt_chunk4,57.524436950683594
1987,1987_Thinktank_CR_Heritage_58.txt_chunk5,52.84462356567383
1987,1987_Thinktank_CR_Heritage_58.txt_chunk6,39.627628326416016
1987,1987_Thinktank_CR_Brookings_33.txt_chunk19,53.53126525878906
1987,1987_Thinktank_CR_Brookings_33.txt_chunk18,88.1929931640625
1987,1987_Thinktank_CR_Brookings_33.txt_chunk21,54.41085433959961
1987,1987_Thinktank_CR_Brookings_33.txt_chunk20,61.31669616699219
1987,1987_Thinktank_CR_Brookings_33.txt_chunk3,61.53390884399414
1987,1987_Thinktank_CR_Heritage_58.txt_chunk9,44.61449432373047
1987,1987_Thinktank_CR_Heritage_58.txt_chunk10,66.52415466308594
1987,1987_Thinktank_CR_Heritage_58.txt_chunk11,43.40597152709961
1987,1987_Thinktank_CR_Heritage_58.txt_chunk16,91.59349060058594
1987,1987_Thinktank_CR_Heritage_58.txt_chunk17,47.065895080566406
1987,1987_Thinktank_CR_Heritage_58.txt_chunk18,43.81719970703125
1987,1987_Thinktank_CR_Heritage_58.txt_chunk19,35.52951431274414
1987,1987_Thinktank_CR_Heritage_58.txt_chunk3,61.15443420410156
1987,1987_Thinktank_CR_Heritage_7.txt_chunk0,46.373939514160156
1987,1987_Thinktank_CR_Heritage_58.txt_chunk8,47.88054656982422
1987,1987_Thinktank_CR_Heritage_7.txt_chunk9,73.31330871582031
1987,1987_Thinktank_CR_Brookings_33.txt_chunk22,52.77483367919922
1987,1987_Thinktank_CR_Brookings_33.txt_chunk17,123.66400909423828
1987,1987_Thinktank_CR_Heritage_7.txt_chunk1,43.20832443237305
1987,1987_Thinktank_CR_Heritage_7.txt_chunk2,54.874053955078125
1987,1987_Thinktank_CR_Heritage_7.txt_chunk3,103.68252563476562
1987,1987_Thinktank_CR_Heritage_7.txt_chunk4,42.27617263793945
1987,1987_Thinktank_CR_Heritage_7.txt_chunk7,64.79719543457031
1987,1987_Thinktank_CR_Heritage_7.txt_chunk8,53.012760162353516
1987,1987_Thinktank_CR_Brookings_33.txt_chunk12,61.940452575683594
1987,1987_Thinktank_CR_Heritage_58.txt_chunk13,45.002803802490234
1987,1987_Thinktank_CR_Heritage_58.txt_chunk14,63.69169235229492
1987,1987_Thinktank_CR_Heritage_58.txt_chunk15,42.931060791015625
1987,1987_Thinktank_CR_Brookings_33.txt_chunk14,78.73677825927734
1987,1987_Thinktank_CR_Brookings_33.txt_chunk13,42.33827590942383
1987,1987_Thinktank_CR_Brookings_33.txt_chunk0,107.76897430419922
1987,1987_Thinktank_CR_Brookings_33.txt_chunk1,70.74442291259766
1987,1987_Thinktank_CR_Cato_91.txt_chunk0,70.98190307617188
1987,1987_Thinktank_CR_Cato_91.txt_chunk1,94.01924133300781
1987,1987_Thinktank_CR_Brookings_96.txt_chunk7,93.69754028320312
1987,1987_Thinktank_CR_Brookings_96.txt_chunk0,111.61808776855469
1987,1987_Thinktank_CR_Brookings_96.txt_chunk1,86.1502456665039
1987,1987_Thinktank_CR_Brookings_96.txt_chunk2,92.8679428100586
1987,1987_Thinktank_CR_Brookings_96.txt_chunk3,80.76266479492188
1987,1987_Thinktank_CR_Brookings_96.txt_chunk4,76.44136810302734
1987,1987_Thinktank_CR_Brookings_96.txt_chunk5,133.8946990966797
1987,1987_Thinktank_CR_Brookings_96.txt_chunk6,44.857826232910156
1987,1987_Thinktank_CR_Brookings_96.txt_chunk8,98.04652404785156
1987,1987_Thinktank_CR_Brookings_96.txt_chunk9,125.48015594482422
1987,1987_Thinktank_CR_Heritage_8.txt_chunk0,79.86812591552734
1987,1987_Thinktank_CR_Heritage_8.txt_chunk1,64.6865463256836
1987,1987_Thinktank_CR_Heritage_43.txt_chunk4,59.527061462402344
1987,1987_Thinktank_CR_Heritage_43.txt_chunk5,62.91800308227539
1987,1987_Thinktank_CR_Heritage_43.txt_chunk6,36.499755859375
1987,1987_Thinktank_CR_Heritage_43.txt_chunk7,51.156436920166016
1987,1987_Thinktank_CR_Heritage_43.txt_chunk10,35.53807830810547
1987,1987_Thinktank_CR_Heritage_8.txt_chunk4,61.95020294189453
1987,1987_Thinktank_CR_Heritage_8.txt_chunk5,49.709800720214844
1987,1987_Thinktank_CR_Heritage_8.txt_chunk6,60.46894454956055
1987,1987_Thinktank_CR_Heritage_43.txt_chunk0,58.598785400390625
1987,1987_Thinktank_CR_Heritage_43.txt_chunk1,60.534088134765625
1987,1987_Thinktank_CR_Heritage_43.txt_chunk2,50.460086822509766
1987,1987_Thinktank_CR_Brookings_16.txt_chunk13,76.23036193847656
1987,1987_Thinktank_CR_Brookings_16.txt_chunk0,65.29434967041016
1987,1987_Thinktank_CR_Brookings_16.txt_chunk1,73.2372055053711
1987,1987_Thinktank_CR_Brookings_16.txt_chunk2,66.27291870117188
1987,1987_Thinktank_CR_Brookings_16.txt_chunk3,88.31953430175781
1987,1987_Thinktank_CR_Brookings_16.txt_chunk4,74.66836547851562
1987,1987_Thinktank_CR_Brookings_16.txt_chunk5,69.86600494384766
1987,1987_Thinktank_CR_Brookings_16.txt_chunk6,67.38610076904297
1987,1987_Thinktank_CR_Heritage_30.txt_chunk0,65.09786987304688
1987,1987_Thinktank_CR_Heritage_30.txt_chunk1,50.51945495605469
1987,1987_Thinktank_CR_Heritage_30.txt_chunk2,39.5583610534668
1987,1987_Thinktank_CR_Heritage_30.txt_chunk3,59.6950798034668
1987,1987_Thinktank_CR_Heritage_30.txt_chunk4,65.60343933105469
1987,1987_Thinktank_CR_Heritage_30.txt_chunk5,56.03661346435547
1987,1987_Thinktank_CR_Heritage_30.txt_chunk6,173.8328094482422
1987,1987_Thinktank_CR_Heritage_43.txt_chunk8,59.69257736206055
1987,1987_Thinktank_CR_Heritage_43.txt_chunk9,63.601558685302734
1987,1987_Thinktank_CR_Heritage_8.txt_chunk3,108.20506286621094
1987,1987_Thinktank_CR_Heritage_43.txt_chunk3,53.93574523925781
1987,1987_Thinktank_CR_Brookings_16.txt_chunk17,94.24969482421875
1987,1987_Thinktank_CR_Brookings_16.txt_chunk18,57.871315002441406
1987,1987_Thinktank_CR_Brookings_16.txt_chunk19,84.12850189208984
1987,1987_Thinktank_CR_Brookings_16.txt_chunk20,90.75464630126953
1987,1987_Thinktank_CR_Heritage_67.txt_chunk2,57.729347229003906
1987,1987_Thinktank_CR_Heritage_67.txt_chunk3,63.75547409057617
1987,1987_Thinktank_CR_Heritage_67.txt_chunk4,71.31026458740234
1987,1987_Thinktank_CR_Brookings_16.txt_chunk15,123.07485961914062
1987,1987_Thinktank_CR_Brookings_16.txt_chunk16,105.32502746582031
1987,1987_Thinktank_CR_Heritage_67.txt_chunk0,53.45597839355469
1987,1987_Thinktank_CR_Heritage_67.txt_chunk1,44.523860931396484
1987,1987_Thinktank_CR_Brookings_16.txt_chunk7,68.08818817138672
1987,1987_Thinktank_CR_Brookings_16.txt_chunk8,68.43659973144531
1987,1987_Thinktank_CR_Brookings_16.txt_chunk9,55.157535552978516
1987,1987_Thinktank_CR_Brookings_16.txt_chunk10,91.55318450927734
1987,1987_Thinktank_CR_Brookings_16.txt_chunk11,73.49983215332031
1987,1987_Thinktank_CR_Brookings_16.txt_chunk12,56.033058166503906
1987,1987_Thinktank_CR_Heritage_8.txt_chunk2,75.9601058959961
1987,1987_Thinktank_CR_Brookings_16.txt_chunk14,99.60781860351562
1987,1987_Thinktank_CR_Heritage_58.txt_chunk0,56.949195861816406
1987,1987_Thinktank_CR_Heritage_58.txt_chunk1,40.9804801940918
1987,1987_Thinktank_CR_Heritage_58.txt_chunk2,38.29856491088867
1987,1987_Thinktank_CR_Brookings_33.txt_chunk2,68.61491394042969
1987,1987_Thinktank_CR_Heritage_7.txt_chunk5,67.3986587524414
1987,1987_Thinktank_CR_Heritage_7.txt_chunk6,99.6131820678711
1987,1987_Thinktank_CR_Heritage_26.txt_chunk0,42.46568298339844
1987,1987_Thinktank_CR_Heritage_26.txt_chunk1,48.66817092895508
1987,1987_Thinktank_CR_Brookings_33.txt_chunk16,78.79325866699219
1987,1987_Thinktank_CR_Brookings_33.txt_chunk15,112.95465087890625
1987,1987_Thinktank_CR_Heritage_58.txt_chunk7,88.8725357055664
1987,1987_Thinktank_CR_Heritage_58.txt_chunk12,67.67652130126953
1989,1989_Thinktank_CR_Heritage_19.txt_chunk4,74.6912612915039
1989,1989_Thinktank_CR_Heritage_93.txt_chunk3,71.13013458251953
1989,1989_Thinktank_CR_Heritage_19.txt_chunk3,53.08128356933594
1989,1989_Thinktank_CR_Heritage_93.txt_chunk2,103.2659912109375
1989,1989_Thinktank_CR_Heritage_19.txt_chunk9,131.2464141845703
1989,1989_Thinktank_CR_Heritage_19.txt_chunk8,59.99445343017578
1989,1989_Thinktank_CR_Heritage_19.txt_chunk7,70.91376495361328
1989,1989_Thinktank_CR_Heritage_19.txt_chunk6,118.399169921875
1989,1989_Thinktank_CR_Heritage_19.txt_chunk5,140.79879760742188
1989,1989_Thinktank_CR_Heritage_19.txt_chunk14,134.77212524414062
1989,1989_Thinktank_CR_Heritage_19.txt_chunk11,55.75629806518555
1989,1989_Thinktank_CR_Heritage_19.txt_chunk12,63.32086181640625
1989,1989_Thinktank_CR_Heritage_19.txt_chunk13,81.74607849121094
1989,1989_Thinktank_CR_Heritage_19.txt_chunk10,101.06599426269531
1989,1989_Thinktank_CR_Heritage_93.txt_chunk1,122.84748077392578
1989,1989_Thinktank_CR_Heritage_93.txt_chunk0,108.28418731689453
1989,1989_Thinktank_CR_Heritage_93.txt_chunk6,185.74624633789062
1989,1989_Thinktank_CR_Heritage_19.txt_chunk2,57.62123489379883
1989,1989_Thinktank_CR_Heritage_19.txt_chunk1,43.010101318359375
1989,1989_Thinktank_CR_Heritage_19.txt_chunk0,46.444610595703125
1989,1989_Thinktank_CR_Heritage_93.txt_chunk5,95.7226333618164
1989,1989_Thinktank_CR_Heritage_93.txt_chunk4,126.7796630859375
1991,1991_Thinktank_CR_Heritage_68.txt_chunk0,56.169490814208984
1991,1991_Thinktank_CR_CFR_6.txt_chunk22,101.60893249511719
1991,1991_Thinktank_CR_Heritage_92.txt_chunk2,42.809696197509766
1991,1991_Thinktank_CR_Heritage_3.txt_chunk0,82.48223114013672
1991,1991_Heritage_MFN.txt_chunk1,61.37110137939453
1991,1991_Heritage_MFN.txt_chunk0,61.77009201049805
1991,1991_Thinktank_CR_Heritage_92.txt_chunk0,25.853788375854492
1991,1991_Heritage_MFN.txt_chunk2,148.01455688476562
1991,1991_Thinktank_CR_Heritage_92.txt_chunk1,66.0845947265625
1991,1991_Thinktank_CR_Brookings_79.txt_chunk0,66.29706573486328
1991,1991_Heritage_MFN.txt_chunk4,99.52359008789062
1991,1991_Heritage_MFN.txt_chunk3,120.19310760498047
1991,1991_Thinktank_CR_Heritage_68.txt_chunk1,68.68211364746094
1991,1991_Thinktank_CR_CFR_6.txt_chunk19,106.8144760131836
1991,1991_Thinktank_CR_CFR_6.txt_chunk18,101.08594512939453
1991,1991_Thinktank_CR_CFR_6.txt_chunk17,95.80852508544922
1991,1991_Thinktank_CR_CFR_6.txt_chunk0,61.13064193725586
1991,1991_Thinktank_CR_CFR_45.txt_chunk5,76.07809448242188
1991,1991_Thinktank_CR_CFR_45.txt_chunk4,112.70979309082031
1991,1991_Thinktank_CR_CFR_45.txt_chunk0,72.08251953125
1991,1991_Thinktank_CR_CFR_45.txt_chunk1,97.55229187011719
1991,1991_Thinktank_CR_CFR_45.txt_chunk2,131.065185546875
1991,1991_Thinktank_CR_CFR_45.txt_chunk6,142.15252685546875
1991,1991_Thinktank_CR_CFR_45.txt_chunk3,75.61631774902344
1991,1991_Thinktank_CR_CFR_6.txt_chunk4,202.7943572998047
1991,1991_Thinktank_CR_CFR_6.txt_chunk9,160.15731811523438
1991,1991_Thinktank_CR_CFR_73.txt_chunk3,77.3739013671875
1991,1991_Thinktank_CR_CFR_73.txt_chunk4,156.96945190429688
1991,1991_Thinktank_CR_CFR_73.txt_chunk0,57.14889144897461
1991,1991_Thinktank_CR_CFR_6.txt_chunk21,68.88951110839844
1991,1991_Thinktank_CR_CFR_6.txt_chunk20,71.82587432861328
1991,1991_Thinktank_CR_CFR_6.txt_chunk8,145.2054901123047
1991,1991_Thinktank_CR_CFR_6.txt_chunk23,97.89385223388672
1991,1991_Thinktank_CR_CFR_6.txt_chunk5,87.91197204589844
1991,1991_Thinktank_CR_CFR_6.txt_chunk6,88.55087280273438
1991,1991_Thinktank_CR_CFR_6.txt_chunk7,45.57837677001953
1991,1991_Thinktank_CR_CFR_6.txt_chunk3,47.122947692871094
1991,1991_Thinktank_CR_CFR_73.txt_chunk1,56.479854583740234
1991,1991_Thinktank_CR_CFR_73.txt_chunk2,39.27378463745117
1991,1991_Thinktank_CR_CFR_6.txt_chunk13,42.3130989074707
1991,1991_Thinktank_CR_CFR_6.txt_chunk14,45.06119918823242
1991,1991_Thinktank_CR_CFR_6.txt_chunk15,99.4063491821289
1991,1991_Thinktank_CR_CFR_6.txt_chunk16,78.08370971679688
1991,1991_Thinktank_CR_Heritage_68.txt_chunk3,51.228328704833984
1991,1991_Thinktank_CR_Heritage_68.txt_chunk2,113.05298614501953
1991,1991_Thinktank_CR_CFR_6.txt_chunk1,79.77973937988281
1991,1991_Thinktank_CR_CFR_6.txt_chunk2,102.00992584228516
1991,1991_Thinktank_CR_CFR_6.txt_chunk12,65.93473815917969
1991,1991_Thinktank_CR_CFR_6.txt_chunk11,67.25981140136719
1991,1991_Thinktank_CR_CFR_6.txt_chunk10,105.89942932128906
1992,1992_Heritage_MFN.txt_chunk5,50.95549392700195
1992,1992_Heritage_MFN.txt_chunk6,20.51308250427246
1992,1992_Heritage_MFN.txt_chunk21,26.501331329345703
1992,1992_Heritage_MFN.txt_chunk22,19.544084548950195
1992,1992_Heritage_MFN.txt_chunk23,22.561664581298828
1992,1992_Heritage_MFN.txt_chunk18,28.42278480529785
1992,1992_Heritage_MFN.txt_chunk3,41.86323165893555
1992,1992_Heritage_MFN.txt_chunk4,45.00858688354492
1992,1992_Heritage_MFN.txt_chunk19,24.79818344116211
1992,1992_Heritage_MFN.txt_chunk20,18.878259658813477
1992,1992_Heritage_MFN.txt_chunk13,24.013776779174805
1992,1992_Heritage_MFN.txt_chunk11,15.570160865783691
1992,1992_Heritage_MFN.txt_chunk12,25.89829444885254
1992,1992_Heritage_MFN.txt_chunk14,18.320449829101562
1992,1992_Heritage_MFN.txt_chunk1,26.926015853881836
1992,1992_Heritage_MFN.txt_chunk2,36.58248519897461
1992,1992_Heritage_MFN.txt_chunk0,24.61301040649414
1992,1992_Heritage_MFN.txt_chunk10,22.05178451538086
1992,1992_Heritage_MFN.txt_chunk7,28.55035972595215
1992,1992_Heritage_MFN.txt_chunk8,32.185733795166016
1992,1992_Heritage_MFN.txt_chunk9,19.25438117980957
1992,1992_Heritage_MFN.txt_chunk15,26.065385818481445
1992,1992_Heritage_MFN.txt_chunk16,22.366315841674805
1992,1992_Heritage_MFN.txt_chunk17,23.308382034301758
1993,1993_Thinktank_CR_AEI_77.txt_chunk33,103.12924194335938
1993,1993_Thinktank_CR_AEI_77.txt_chunk32,100.3260726928711
1993,1993_Thinktank_CR_AEI_77.txt_chunk27,103.59900665283203
1993,1993_Thinktank_CR_Heritage_47.txt_chunk7,35.38068771362305
1993,1993_Thinktank_CR_Heritage_47.txt_chunk6,60.22808837890625
1993,1993_Thinktank_CR_AEI_77.txt_chunk34,161.6028289794922
1993,1993_Thinktank_CR_AEI_77.txt_chunk26,143.03610229492188
1993,1993_Thinktank_CR_Heritage_47.txt_chunk4,44.503517150878906
1993,1993_Thinktank_CR_Heritage_47.txt_chunk3,35.78524398803711
1993,1993_Thinktank_CR_Heritage_47.txt_chunk2,33.2518310546875
1993,1993_Thinktank_CR_Heritage_47.txt_chunk1,41.74171829223633
1993,1993_Thinktank_CR_AEI_77.txt_chunk17,76.9063491821289
1993,1993_Thinktank_CR_AEI_77.txt_chunk16,74.25238037109375
1993,1993_Thinktank_CR_Heritage_47.txt_chunk5,56.178489685058594
1993,1993_Thinktank_CR_AEI_77.txt_chunk23,111.8991470336914
1993,1993_Thinktank_CR_Heritage_47.txt_chunk0,28.290254592895508
1993,1993_Thinktank_CR_AEI_77.txt_chunk31,155.90037536621094
1993,1993_Thinktank_CR_AEI_77.txt_chunk30,65.20489501953125
1993,1993_Thinktank_CR_AEI_77.txt_chunk29,64.16525268554688
1993,1993_Thinktank_CR_AEI_77.txt_chunk28,91.14739227294922
1993,1993_Thinktank_CR_CFR_56.txt_chunk7,7.4922099113464355
1993,1993_Thinktank_CR_AEI_77.txt_chunk25,84.7787094116211
1993,1993_Thinktank_CR_AEI_77.txt_chunk24,71.69905853271484
1993,1993_Thinktank_CR_AEI_77.txt_chunk9,80.9117202758789
1993,1993_Thinktank_CR_Heritage_37.txt_chunk5,46.00607681274414
1993,1993_Thinktank_CR_CFR_56.txt_chunk9,13.581730842590332
1993,1993_Thinktank_CR_CFR_56.txt_chunk8,11.45356559753418
1993,1993_Thinktank_CR_AEI_77.txt_chunk8,91.9749526977539
1993,1993_Thinktank_CR_AEI_77.txt_chunk22,89.05638885498047
1993,1993_Thinktank_CR_Heritage_37.txt_chunk7,58.18400955200195
1993,1993_Thinktank_CR_Heritage_37.txt_chunk6,62.38947677612305
1993,1993_Thinktank_CR_Heritage_37.txt_chunk4,33.63874053955078
1993,1993_Thinktank_CR_Heritage_37.txt_chunk3,45.480770111083984
1993,1993_Thinktank_CR_Cato_90.txt_chunk1,55.62880325317383
1993,1993_Thinktank_CR_Heritage_37.txt_chunk2,34.61275863647461
1993,1993_Thinktank_CR_Heritage_47.txt_chunk15,28.81829261779785
1993,1993_Thinktank_CR_Heritage_47.txt_chunk16,29.642913818359375
1993,1993_Thinktank_CR_Heritage_47.txt_chunk11,38.91093826293945
1993,1993_Thinktank_CR_Heritage_47.txt_chunk10,26.567434310913086
1993,1993_Thinktank_CR_Heritage_47.txt_chunk9,26.089447021484375
1993,1993_Thinktank_CR_Heritage_47.txt_chunk20,17.558406829833984
1993,1993_Thinktank_CR_Heritage_47.txt_chunk19,45.2987060546875
1993,1993_Thinktank_CR_Heritage_47.txt_chunk18,23.138107299804688
1993,1993_Thinktank_CR_Heritage_47.txt_chunk17,25.16588592529297
1993,1993_Thinktank_CR_Heritage_47.txt_chunk12,31.18168067932129
1993,1993_Thinktank_CR_CFR_56.txt_chunk10,10.25900650024414
1993,1993_Thinktank_CR_Cato_90.txt_chunk5,35.26016616821289
1993,1993_Thinktank_CR_Heritage_37.txt_chunk1,39.53924560546875
1993,1993_Thinktank_CR_Heritage_37.txt_chunk0,52.81169891357422
1993,1993_Thinktank_CR_AEI_77.txt_chunk0,66.13455963134766
1993,1993_Thinktank_CR_AEI_77.txt_chunk15,104.85318756103516
1993,1993_Thinktank_CR_AEI_77.txt_chunk14,73.0596694946289
1993,1993_Thinktank_CR_AEI_77.txt_chunk13,77.64884948730469
1993,1993_Thinktank_CR_AEI_77.txt_chunk12,90.40194702148438
1993,1993_Thinktank_CR_AEI_77.txt_chunk11,81.72756958007812
1993,1993_Thinktank_CR_AEI_77.txt_chunk10,63.092403411865234
1993,1993_Thinktank_CR_Heritage_47.txt_chunk8,34.355316162109375
1993,1993_Thinktank_CR_AEI_77.txt_chunk7,119.53610229492188
1993,1993_Thinktank_CR_AEI_77.txt_chunk6,99.8761978149414
1993,1993_Thinktank_CR_Heritage_59.txt_chunk0,93.49773406982422
1993,1993_Thinktank_CR_Heritage_47.txt_chunk13,33.91315460205078
1993,1993_Thinktank_CR_Cato_90.txt_chunk3,59.95821762084961
1993,1993_Thinktank_CR_Cato_90.txt_chunk0,76.77253723144531
1993,1993_Thinktank_CR_Cato_90.txt_chunk8,55.57736587524414
1993,1993_Thinktank_CR_Cato_90.txt_chunk7,73.86287689208984
1993,1993_Thinktank_CR_Cato_90.txt_chunk6,41.42372512817383
1993,1993_Thinktank_CR_Cato_90.txt_chunk9,47.91957092285156
1993,1993_Thinktank_CR_AEI_46.txt_chunk3,97.48444366455078
1993,1993_Thinktank_CR_AEI_46.txt_chunk2,57.01728820800781
1993,1993_Thinktank_CR_AEI_46.txt_chunk1,51.11921691894531
1993,1993_Thinktank_CR_Cato_90.txt_chunk4,49.683387756347656
1993,1993_Thinktank_CR_AEI_77.txt_chunk1,62.58108901977539
1993,1993_Thinktank_CR_Cato_90.txt_chunk2,73.67240142822266
1993,1993_Thinktank_CR_Heritage_47.txt_chunk14,35.547122955322266
1993,1993_Thinktank_CR_AEI_77.txt_chunk18,111.99031829833984
1993,1993_Thinktank_CR_AEI_77.txt_chunk19,80.74283599853516
1993,1993_Thinktank_CR_AEI_77.txt_chunk20,101.1249008178711
1993,1993_Thinktank_CR_AEI_77.txt_chunk21,94.22632598876953
1993,1993_Thinktank_CR_AEI_77.txt_chunk2,76.13042449951172
1993,1993_Thinktank_CR_AEI_77.txt_chunk3,110.70585632324219
1993,1993_Thinktank_CR_AEI_77.txt_chunk4,107.09140014648438
1993,1993_Thinktank_CR_AEI_77.txt_chunk5,85.85588073730469
1993,1993_Thinktank_CR_CFR_56.txt_chunk0,25.25105094909668
1993,1993_Thinktank_CR_CFR_56.txt_chunk1,11.362958908081055
1993,1993_Thinktank_CR_CFR_56.txt_chunk5,15.427324295043945
1993,1993_Thinktank_CR_CFR_56.txt_chunk6,11.09980297088623
1993,1993_Thinktank_CR_AEI_46.txt_chunk0,67.70760345458984
1993,1993_Thinktank_CR_CFR_56.txt_chunk4,17.260515213012695
1993,1993_Thinktank_CR_CFR_56.txt_chunk3,11.37756061553955
1993,1993_Thinktank_CR_CFR_56.txt_chunk2,12.854902267456055
1994,1994_Heritage_MFN.txt_chunk9,43.668949127197266
1994,1994_Heritage_MFN.txt_chunk10,58.652320861816406
1994,1994_Heritage_MFN.txt_chunk11,33.40816116333008
1994,1994_Heritage_MFN.txt_chunk5,33.927242279052734
1994,1994_Heritage_MFN.txt_chunk4,51.436126708984375
1994,1994_Heritage_MFN.txt_chunk3,60.14121627807617
1994,1994_Heritage_MFN.txt_chunk8,40.10135269165039
1994,1994_Heritage_MFN.txt_chunk2,42.67706298828125
1994,1994_Heritage_MFN.txt_chunk1,21.950719833374023
1994,1994_Heritage_MFN.txt_chunk17,39.593849182128906
1994,1994_Heritage_MFN.txt_chunk6,44.90988540649414
1994,1994_Heritage_MFN.txt_chunk7,26.897438049316406
1994,1994_Heritage_MFN.txt_chunk16,50.460243225097656
1994,1994_Heritage_MFN.txt_chunk12,45.55120849609375
1994,1994_Heritage_MFN.txt_chunk13,44.13148498535156
1994,1994_Heritage_MFN.txt_chunk0,38.3990478515625
1994,1994_Heritage_MFN.txt_chunk14,28.505149841308594
1994,1994_Heritage_MFN.txt_chunk15,46.48330307006836
1995,1995_Thinktank_CR_Heritage_24.txt_chunk0,30.891319274902344
1995,1995_Thinktank_CR_Heritage_98.txt_chunk2,88.90325927734375
1995,1995_Thinktank_CR_Heritage_13.txt_chunk0,39.36966323852539
1995,1995_Thinktank_CR_Heritage_44.txt_chunk12,38.27445983886719
1995,1995_Thinktank_CR_Heritage_98.txt_chunk3,72.11803436279297
1995,1995_Thinktank_CR_Heritage_44.txt_chunk6,57.18095016479492
1995,1995_Thinktank_CR_Heritage_44.txt_chunk5,85.7984619140625
1995,1995_Thinktank_CR_Heritage_44.txt_chunk4,71.28411865234375
1995,1995_Heritage_MFN.txt_chunk2,32.88139724731445
1995,1995_Heritage_MFN.txt_chunk1,21.67953109741211
1995,1995_Thinktank_CR_Heritage_98.txt_chunk1,85.40725708007812
1995,1995_Thinktank_CR_Heritage_98.txt_chunk0,72.72931671142578
1995,1995_Thinktank_CR_Heritage_24.txt_chunk1,41.262908935546875
1995,1995_Thinktank_CR_Heritage_31.txt_chunk3,34.986061096191406
1995,1995_Thinktank_CR_Cato_12.txt_chunk4,32.05659866333008
1995,1995_Thinktank_CR_Heritage_64.txt_chunk9,60.95480728149414
1995,1995_Thinktank_CR_Heritage_64.txt_chunk7,76.48938751220703
1995,1995_Thinktank_CR_Heritage_64.txt_chunk8,52.923465728759766
1995,1995_Thinktank_CR_Heritage_64.txt_chunk6,330.2134704589844
1995,1995_Thinktank_CR_Heritage_64.txt_chunk5,175.95755004882812
1995,1995_Thinktank_CR_Heritage_64.txt_chunk4,328.087890625
1995,1995_Thinktank_CR_Heritage_64.txt_chunk3,102.48259735107422
1995,1995_Thinktank_CR_Heritage_24.txt_chunk5,44.78691864013672
1995,1995_Thinktank_CR_Heritage_64.txt_chunk1,39.29841995239258
1995,1995_Thinktank_CR_Heritage_64.txt_chunk0,62.753719329833984
1995,1995_Thinktank_CR_Heritage_24.txt_chunk4,43.59370803833008
1995,1995_Thinktank_CR_Heritage_24.txt_chunk3,36.35063552856445
1995,1995_Thinktank_CR_Heritage_24.txt_chunk2,42.3908576965332
1995,1995_Thinktank_CR_Heritage_44.txt_chunk0,40.1151237487793
1995,1995_Thinktank_CR_Heritage_44.txt_chunk1,33.412567138671875
1995,1995_Thinktank_CR_Heritage_44.txt_chunk2,46.898738861083984
1995,1995_Thinktank_CR_Cato_12.txt_chunk8,34.48685073852539
1995,1995_Thinktank_CR_Heritage_88.txt_chunk1,31.017711639404297
1995,1995_Thinktank_CR_Cato_12.txt_chunk15,22.26401138305664
1995,1995_Thinktank_CR_Cato_12.txt_chunk14,38.12210464477539
1995,1995_Thinktank_CR_Cato_12.txt_chunk13,39.19776916503906
1995,1995_Thinktank_CR_Cato_12.txt_chunk12,31.35507583618164
1995,1995_Thinktank_CR_Cato_12.txt_chunk7,43.358463287353516
1995,1995_Thinktank_CR_Cato_12.txt_chunk6,22.166614532470703
1995,1995_Thinktank_CR_Cato_12.txt_chunk5,25.98824119567871
1995,1995_Thinktank_CR_Heritage_25.txt_chunk6,32.379669189453125
1995,1995_Thinktank_CR_Heritage_25.txt_chunk5,48.83296203613281
1995,1995_Thinktank_CR_Heritage_31.txt_chunk2,69.29239654541016
1995,1995_Thinktank_CR_Heritage_31.txt_chunk1,48.52888870239258
1995,1995_Thinktank_CR_Heritage_31.txt_chunk0,41.58725357055664
1995,1995_Thinktank_CR_Heritage_88.txt_chunk12,38.656246185302734
1995,1995_Thinktank_CR_Heritage_88.txt_chunk11,37.527774810791016
1995,1995_Thinktank_CR_Heritage_31.txt_chunk4,54.79804229736328
1995,1995_Thinktank_CR_Heritage_44.txt_chunk3,61.484134674072266
1995,1995_Thinktank_CR_Heritage_88.txt_chunk4,53.476104736328125
1995,1995_Thinktank_CR_Heritage_88.txt_chunk5,58.130210876464844
1995,1995_Thinktank_CR_Heritage_65.txt_chunk7,73.33662414550781
1995,1995_Thinktank_CR_Heritage_65.txt_chunk8,36.708900451660156
1995,1995_Thinktank_CR_Heritage_25.txt_chunk0,38.14113235473633
1995,1995_Thinktank_CR_Heritage_25.txt_chunk1,34.01237869262695
1995,1995_Thinktank_CR_Heritage_25.txt_chunk2,26.607446670532227
1995,1995_Thinktank_CR_Heritage_25.txt_chunk3,45.46868133544922
1995,1995_Thinktank_CR_Heritage_25.txt_chunk4,91.31779479980469
1995,1995_Thinktank_CR_Heritage_88.txt_chunk10,40.51099395751953
1995,1995_Thinktank_CR_Heritage_65.txt_chunk0,51.68831253051758
1995,1995_Thinktank_CR_Heritage_44.txt_chunk7,62.78466796875
1995,1995_Thinktank_CR_Heritage_44.txt_chunk8,54.3217658996582
1995,1995_Thinktank_CR_Heritage_44.txt_chunk11,88.66165924072266
1995,1995_Thinktank_CR_Cato_12.txt_chunk16,37.356201171875
1995,1995_Thinktank_CR_Cato_12.txt_chunk17,27.405221939086914
1995,1995_Thinktank_CR_Cato_12.txt_chunk18,43.53219985961914
1995,1995_Thinktank_CR_Cato_12.txt_chunk19,33.719215393066406
1995,1995_Thinktank_CR_Cato_12.txt_chunk9,27.369979858398438
1995,1995_Thinktank_CR_Heritage_88.txt_chunk9,53.90928649902344
1995,1995_Thinktank_CR_Heritage_25.txt_chunk7,38.17487335205078
1995,1995_Thinktank_CR_Heritage_25.txt_chunk8,54.88520431518555
1995,1995_Thinktank_CR_Heritage_88.txt_chunk0,24.826868057250977
1995,1995_Thinktank_CR_Heritage_88.txt_chunk6,49.35634994506836
1995,1995_Thinktank_CR_Heritage_88.txt_chunk7,60.93149948120117
1995,1995_Thinktank_CR_Heritage_88.txt_chunk8,43.5021858215332
1995,1995_Thinktank_CR_Heritage_88.txt_chunk2,40.56468200683594
1995,1995_Thinktank_CR_Heritage_88.txt_chunk3,46.5640869140625
1995,1995_Thinktank_CR_Cato_12.txt_chunk10,26.30638885498047
1995,1995_Thinktank_CR_Cato_12.txt_chunk11,26.915771484375
1995,1995_Thinktank_CR_Cato_49.txt_chunk1,56.98325729370117
1995,1995_Thinktank_CR_CFR_80.txt_chunk0,105.05973815917969
1995,1995_Thinktank_CR_Cato_12.txt_chunk20,29.503568649291992
1995,1995_Thinktank_CR_Cato_29.txt_chunk1,43.33945846557617
1995,1995_Thinktank_CR_Cato_29.txt_chunk2,60.84390640258789
1995,1995_Thinktank_CR_Cato_12.txt_chunk21,57.996788024902344
1995,1995_Thinktank_CR_CFR_80.txt_chunk4,144.49351501464844
1995,1995_Thinktank_CR_CFR_80.txt_chunk3,105.82331085205078
1995,1995_Thinktank_CR_CFR_80.txt_chunk2,77.4308853149414
1995,1995_Thinktank_CR_CFR_80.txt_chunk1,115.0364761352539
1995,1995_Thinktank_CR_Heritage_44.txt_chunk10,54.6812629699707
1995,1995_Thinktank_CR_Heritage_44.txt_chunk9,48.53580856323242
1995,1995_Thinktank_CR_Cato_49.txt_chunk0,61.623966217041016
1995,1995_Thinktank_CR_CFR_10.txt_chunk4,41.99650955200195
1995,1995_Thinktank_CR_CFR_10.txt_chunk3,41.6634521484375
1995,1995_Thinktank_CR_Heritage_98.txt_chunk4,86.82051086425781
1995,1995_Thinktank_CR_Heritage_98.txt_chunk6,169.4860382080078
1995,1995_Thinktank_CR_Heritage_98.txt_chunk5,78.65054321289062
1995,1995_Thinktank_CR_Heritage_98.txt_chunk7,63.62285232543945
1995,1995_Thinktank_CR_Heritage_5.txt_chunk4,113.81993865966797
1995,1995_Thinktank_CR_Heritage_5.txt_chunk3,140.43524169921875
1995,1995_Thinktank_CR_Cato_12.txt_chunk2,24.19658088684082
1995,1995_Thinktank_CR_Cato_12.txt_chunk3,27.563806533813477
1995,1995_Thinktank_CR_Heritage_5.txt_chunk5,76.98927307128906
1995,1995_Thinktank_CR_CFR_10.txt_chunk0,42.40338134765625
1995,1995_Thinktank_CR_Heritage_65.txt_chunk1,62.84367370605469
1995,1995_Thinktank_CR_Heritage_65.txt_chunk2,69.41614532470703
1995,1995_Thinktank_CR_Heritage_62.txt_chunk0,88.24427032470703
1995,1995_Thinktank_CR_Heritage_65.txt_chunk5,38.87448501586914
1995,1995_Thinktank_CR_Heritage_65.txt_chunk6,95.78966522216797
1995,1995_Thinktank_CR_Cato_29.txt_chunk0,54.86753845214844
1995,1995_Thinktank_CR_Heritage_65.txt_chunk3,66.7947769165039
1995,1995_Thinktank_CR_Heritage_65.txt_chunk4,101.13213348388672
1995,1995_Thinktank_CR_CFR_72.txt_chunk3,54.47758865356445
1995,1995_Thinktank_CR_CFR_72.txt_chunk0,28.05492401123047
1995,1995_Thinktank_CR_CFR_72.txt_chunk1,40.3593864440918
1995,1995_Thinktank_CR_Heritage_62.txt_chunk1,99.81426239013672
1995,1995_Thinktank_CR_CFR_72.txt_chunk2,51.26807403564453
1995,1995_Thinktank_CR_Heritage_5.txt_chunk0,91.94255065917969
1995,1995_Thinktank_CR_Heritage_5.txt_chunk1,70.09882354736328
1995,1995_Thinktank_CR_Heritage_5.txt_chunk2,154.7157745361328
1995,1995_Thinktank_CR_CFR_10.txt_chunk1,52.19104766845703
1995,1995_Thinktank_CR_CFR_10.txt_chunk2,40.02290725708008
1995,1995_Thinktank_CR_Heritage_64.txt_chunk2,30.810998916625977
1995,1995_Thinktank_CR_AEI_42.txt_chunk0,47.5389404296875
1995,1995_Thinktank_CR_Heritage_64.txt_chunk10,68.34555053710938
1995,1995_Thinktank_CR_Heritage_98.txt_chunk8,58.3099365234375
1995,1995_Heritage_MFN.txt_chunk0,20.151254653930664
1995,1995_Thinktank_CR_Cato_12.txt_chunk0,40.794776916503906
1995,1995_Thinktank_CR_Cato_12.txt_chunk1,37.771175384521484
1995,1995_Heritage_MFN.txt_chunk4,26.39297103881836
1995,1995_Heritage_MFN.txt_chunk5,25.339481353759766
1995,1995_Heritage_MFN.txt_chunk3,27.600282669067383
1996,1996_Heritage_MFN.txt_chunk3,19.96207618713379
1996,1996_Heritage_MFN.txt_chunk23,21.115373611450195
1996,1996_Heritage_MFN.txt_chunk2,18.740955352783203
1996,1996_Heritage_MFN.txt_chunk24,22.968990325927734
1996,1996_Heritage_MFN.txt_chunk7,28.43758773803711
1996,1996_Heritage_MFN.txt_chunk15,12.90235424041748
1996,1996_Heritage_MFN.txt_chunk18,23.17862892150879
1996,1996_Heritage_MFN.txt_chunk17,22.576499938964844
1996,1996_Heritage_MFN.txt_chunk16,25.626691818237305
1996,1996_Heritage_MFN.txt_chunk6,17.26987648010254
1996,1996_Heritage_MFN.txt_chunk5,16.66472816467285
1996,1996_Heritage_MFN.txt_chunk4,21.66507339477539
1996,1996_Heritage_MFN.txt_chunk21,20.514760971069336
1996,1996_Heritage_MFN.txt_chunk22,26.0589599609375
1996,1996_Heritage_MFN.txt_chunk19,23.067338943481445
1996,1996_Heritage_MFN.txt_chunk20,30.923404693603516
1996,1996_Heritage_MFN.txt_chunk1,20.965744018554688
1996,1996_Heritage_MFN.txt_chunk9,28.380502700805664
1996,1996_Heritage_MFN.txt_chunk10,23.40418815612793
1996,1996_Heritage_MFN.txt_chunk8,27.845964431762695
1996,1996_Heritage_MFN.txt_chunk11,20.04802894592285
1996,1996_Heritage_MFN.txt_chunk12,20.450742721557617
1996,1996_Heritage_MFN.txt_chunk13,22.365495681762695
1996,1996_Heritage_MFN.txt_chunk14,35.104434967041016
1996,1996_Heritage_MFN.txt_chunk0,19.623666763305664
1997,1997_Heritage_MFN.txt_chunk4,50.50724411010742
1997,1997_Heritage_MFN.txt_chunk5,22.96268081665039
1997,1997_Heritage_MFN.txt_chunk6,28.84841537475586
1997,1997_Heritage_MFN.txt_chunk7,31.95895004272461
1997,1997_Heritage_MFN.txt_chunk8,37.74302673339844
1997,1997_Heritage_MFN.txt_chunk9,40.23545837402344
1997,1997_Heritage_MFN.txt_chunk10,28.19351577758789
1997,1997_Heritage_MFN.txt_chunk11,25.8005428314209
1997,1997_Heritage_MFN.txt_chunk0,26.607547760009766
1997,1997_Heritage_MFN.txt_chunk1,22.870933532714844
1997,1997_Heritage_MFN.txt_chunk2,35.65706253051758
1997,1997_Heritage_MFN.txt_chunk3,47.01129150390625
1997,1997_Heritage_MFN.txt_chunk12,40.31820297241211
1997,1997_Heritage_MFN.txt_chunk19,30.122854232788086
1997,1997_Heritage_MFN.txt_chunk18,21.292264938354492
1997,1997_Heritage_MFN.txt_chunk17,42.429351806640625
1997,1997_Thinktank_CR_Heritage_50.txt_chunk23,40.786643981933594
1997,1997_Thinktank_CR_Heritage_86.txt_chunk0,39.972049713134766
1997,1997_Thinktank_CR_Heritage_86.txt_chunk1,54.92580795288086
1997,1997_Thinktank_CR_Heritage_86.txt_chunk2,63.820472717285156
1997,1997_Thinktank_CR_Heritage_86.txt_chunk3,82.01864624023438
1997,1997_Thinktank_CR_Heritage_86.txt_chunk9,28.286808013916016
1997,1997_Thinktank_CR_Heritage_86.txt_chunk10,49.333740234375
1997,1997_Thinktank_CR_Heritage_86.txt_chunk11,37.2484016418457
1997,1997_Thinktank_CR_Heritage_50.txt_chunk20,77.5033950805664
1997,1997_Thinktank_CR_Heritage_50.txt_chunk21,68.42107391357422
1997,1997_Thinktank_CR_Heritage_50.txt_chunk22,61.00191116333008
1997,1997_Thinktank_CR_Heritage_50.txt_chunk9,79.31394958496094
1997,1997_Thinktank_CR_Heritage_50.txt_chunk10,79.45169830322266
1997,1997_Thinktank_CR_Heritage_50.txt_chunk11,74.51200866699219
1997,1997_Thinktank_CR_Heritage_50.txt_chunk0,84.5788345336914
1997,1997_Thinktank_CR_Heritage_50.txt_chunk1,60.9736442565918
1997,1997_Thinktank_CR_Heritage_50.txt_chunk2,60.699710845947266
1997,1997_Thinktank_CR_Heritage_50.txt_chunk3,100.51387786865234
1997,1997_Thinktank_CR_Heritage_86.txt_chunk12,65.68150329589844
1997,1997_Thinktank_CR_Heritage_50.txt_chunk5,99.2701644897461
1997,1997_Thinktank_CR_Heritage_50.txt_chunk6,115.79871368408203
1997,1997_Thinktank_CR_Heritage_50.txt_chunk7,71.44405364990234
1997,1997_Thinktank_CR_Heritage_50.txt_chunk8,67.41585540771484
1997,1997_Thinktank_CR_Heritage_86.txt_chunk13,55.45646667480469
1997,1997_Thinktank_CR_Heritage_86.txt_chunk14,73.18026733398438
1997,1997_Thinktank_CR_Heritage_86.txt_chunk4,65.93473815917969
1997,1997_Thinktank_CR_Heritage_86.txt_chunk5,35.922245025634766
1997,1997_Thinktank_CR_Heritage_86.txt_chunk6,38.625633239746094
1997,1997_Thinktank_CR_Heritage_86.txt_chunk7,41.62474060058594
1997,1997_Thinktank_CR_Heritage_86.txt_chunk8,43.06798553466797
1997,1997_Thinktank_CR_Heritage_50.txt_chunk16,96.88700866699219
1997,1997_Thinktank_CR_Heritage_50.txt_chunk17,88.91657257080078
1997,1997_Thinktank_CR_Heritage_50.txt_chunk18,72.05609130859375
1997,1997_Thinktank_CR_Heritage_50.txt_chunk19,79.41169738769531
1997,1997_Thinktank_CR_Heritage_50.txt_chunk4,48.35331726074219
1997,1997_Thinktank_CR_Heritage_50.txt_chunk12,66.50407409667969
1997,1997_Thinktank_CR_Heritage_50.txt_chunk13,63.032955169677734
1997,1997_Thinktank_CR_Heritage_50.txt_chunk14,68.04859161376953
1997,1997_Thinktank_CR_Heritage_50.txt_chunk15,89.51854705810547
1997,1997_Thinktank_CR_Heritage_34.txt_chunk2,54.06847381591797
1997,1997_Thinktank_CR_Heritage_34.txt_chunk3,43.27096176147461
1997,1997_Thinktank_CR_Heritage_34.txt_chunk0,43.20717239379883
1997,1997_Thinktank_CR_Heritage_34.txt_chunk1,34.656795501708984
1997,1997_Thinktank_CR_Heritage_23.txt_chunk9,68.0589370727539
1997,1997_Thinktank_CR_Heritage_23.txt_chunk10,56.774417877197266
1997,1997_Thinktank_CR_Heritage_23.txt_chunk11,63.19143295288086
1997,1997_Thinktank_CR_Heritage_23.txt_chunk12,59.43695068359375
1997,1997_Thinktank_CR_Heritage_23.txt_chunk13,77.84626007080078
1997,1997_Thinktank_CR_Heritage_89.txt_chunk0,35.346744537353516
1997,1997_Thinktank_CR_Heritage_89.txt_chunk1,101.09693145751953
1997,1997_Thinktank_CR_Heritage_89.txt_chunk2,65.8297119140625
1997,1997_Thinktank_CR_Heritage_23.txt_chunk0,48.45773696899414
1997,1997_Thinktank_CR_Heritage_23.txt_chunk1,59.398475646972656
1997,1997_Thinktank_CR_Heritage_23.txt_chunk2,48.59115219116211
1997,1997_Thinktank_CR_Heritage_23.txt_chunk3,65.20393371582031
1997,1997_Thinktank_CR_Heritage_23.txt_chunk4,82.30818176269531
1997,1997_Thinktank_CR_Heritage_23.txt_chunk5,67.4828872680664
1997,1997_Thinktank_CR_Heritage_23.txt_chunk6,55.565147399902344
1997,1997_Thinktank_CR_Heritage_23.txt_chunk7,99.67181396484375
1997,1997_Thinktank_CR_Heritage_23.txt_chunk8,63.68328094482422
1997,1997_Thinktank_CR_CFR_11.txt_chunk1,193.21212768554688
1997,1997_Thinktank_CR_CFR_11.txt_chunk2,249.60516357421875
1997,1997_Thinktank_CR_Heritage_18.txt_chunk4,36.909183502197266
1997,1997_Thinktank_CR_Heritage_18.txt_chunk5,20.940719604492188
1997,1997_Thinktank_CR_Heritage_18.txt_chunk0,44.96632766723633
1997,1997_Thinktank_CR_Heritage_18.txt_chunk1,36.92634963989258
1997,1997_Thinktank_CR_Heritage_18.txt_chunk2,29.001110076904297
1997,1997_Thinktank_CR_Heritage_18.txt_chunk3,51.543148040771484
1997,1997_Thinktank_CR_CFR_11.txt_chunk0,163.1128692626953
1997,1997_Thinktank_CR_Heritage_55.txt_chunk0,39.100914001464844
1997,1997_Thinktank_CR_Cato_95.txt_chunk0,88.56519317626953
1997,1997_Thinktank_CR_Cato_95.txt_chunk7,83.76759338378906
1997,1997_Thinktank_CR_Cato_95.txt_chunk8,88.61841583251953
1997,1997_Thinktank_CR_Cato_95.txt_chunk9,64.23811340332031
1997,1997_Thinktank_CR_Cato_95.txt_chunk10,85.7629165649414
1997,1997_Thinktank_CR_Cato_95.txt_chunk11,44.49179458618164
1997,1997_Thinktank_CR_Heritage_55.txt_chunk3,79.28230285644531
1997,1997_Heritage_MFN_2.txt_chunk0,62.11925506591797
1997,1997_Heritage_MFN_2.txt_chunk1,43.817806243896484
1997,1997_Heritage_MFN_2.txt_chunk2,32.39308166503906
1997,1997_Heritage_MFN_2.txt_chunk3,40.741947174072266
1997,1997_Heritage_MFN_2.txt_chunk4,56.44308090209961
1997,1997_Thinktank_CR_Cato_95.txt_chunk5,86.65626525878906
1997,1997_Thinktank_CR_Cato_95.txt_chunk6,88.95368194580078
1997,1997_Heritage_MFN_2.txt_chunk7,21.595794677734375
1997,1997_Heritage_MFN_2.txt_chunk8,27.678510665893555
1997,1997_Heritage_MFN_2.txt_chunk9,29.840118408203125
1997,1997_Heritage_MFN_2.txt_chunk10,28.578895568847656
1997,1997_Heritage_MFN_2.txt_chunk11,33.67394256591797
1997,1997_Heritage_MFN_2.txt_chunk12,37.66344451904297
1997,1997_Thinktank_CR_Heritage_55.txt_chunk1,55.87345504760742
1997,1997_Thinktank_CR_Heritage_55.txt_chunk2,62.46186828613281
1997,1997_Thinktank_CR_Cato_95.txt_chunk1,108.86257934570312
1997,1997_Thinktank_CR_Cato_95.txt_chunk2,67.94960021972656
1997,1997_Thinktank_CR_Cato_95.txt_chunk3,70.92716217041016
1997,1997_Thinktank_CR_Cato_95.txt_chunk4,71.26246643066406
1997,1997_Heritage_MFN_2.txt_chunk13,49.67265701293945
1997,1997_Heritage_MFN_2.txt_chunk14,114.38802337646484
1997,1997_Heritage_MFN_2.txt_chunk5,62.577152252197266
1997,1997_Heritage_MFN_2.txt_chunk6,30.70748519897461
1997,1997_Thinktank_CR_CFR_0.txt_chunk0,79.96983337402344
1997,1997_Thinktank_CR_CFR_0.txt_chunk1,67.32491302490234
1997,1997_Thinktank_CR_CFR_0.txt_chunk2,63.96403121948242
1997,1997_Thinktank_CR_CFR_0.txt_chunk3,65.99783325195312
1997,1997_Thinktank_CR_Brookings_69.txt_chunk7,52.105979919433594
1997,1997_Thinktank_CR_Brookings_69.txt_chunk8,90.71817016601562
1997,1997_Thinktank_CR_CFR_0.txt_chunk4,83.82645416259766
1997,1997_Thinktank_CR_CFR_0.txt_chunk5,94.82453155517578
1997,1997_Thinktank_CR_CFR_0.txt_chunk6,75.73005676269531
1997,1997_Thinktank_CR_AEI_53.txt_chunk3,57.210594177246094
1997,1997_Thinktank_CR_AEI_53.txt_chunk4,54.913291931152344
1997,1997_Thinktank_CR_AEI_53.txt_chunk5,50.74063491821289
1997,1997_Thinktank_CR_CFR_0.txt_chunk10,45.095001220703125
1997,1997_Thinktank_CR_CFR_0.txt_chunk11,36.69078063964844
1997,1997_Thinktank_CR_Brookings_69.txt_chunk9,52.09952163696289
1997,1997_Thinktank_CR_Brookings_69.txt_chunk10,47.34946060180664
1997,1997_Thinktank_CR_Brookings_69.txt_chunk11,52.44856262207031
1997,1997_Thinktank_CR_Brookings_69.txt_chunk12,35.94310760498047
1997,1997_Thinktank_CR_Brookings_69.txt_chunk13,42.83253479003906
1997,1997_Thinktank_CR_CFR_0.txt_chunk7,47.32823944091797
1997,1997_Thinktank_CR_CFR_0.txt_chunk8,48.432071685791016
1997,1997_Thinktank_CR_CFR_0.txt_chunk9,57.03974914550781
1997,1997_Thinktank_CR_AEI_53.txt_chunk0,45.62688064575195
1997,1997_Thinktank_CR_AEI_53.txt_chunk1,40.7846794128418
1997,1997_Thinktank_CR_AEI_53.txt_chunk2,51.70163345336914
1997,1997_Thinktank_CR_Brookings_69.txt_chunk1,63.98931884765625
1997,1997_Thinktank_CR_Brookings_69.txt_chunk2,57.664390563964844
1997,1997_Thinktank_CR_Brookings_69.txt_chunk3,39.824851989746094
1997,1997_Thinktank_CR_Brookings_69.txt_chunk4,38.4686164855957
1997,1997_Thinktank_CR_Brookings_69.txt_chunk5,28.36505889892578
1997,1997_Thinktank_CR_Brookings_69.txt_chunk6,62.403343200683594
1997,1997_Thinktank_CR_Brookings_69.txt_chunk0,42.55465316772461
1997,1997_Heritage_MFN.txt_chunk16,26.587072372436523
1997,1997_Heritage_MFN.txt_chunk13,45.75954818725586
1997,1997_Heritage_MFN.txt_chunk14,25.15700912475586
1997,1997_Heritage_MFN.txt_chunk15,23.903362274169922
1997,1997_Heritage_MFN.txt_chunk20,45.070621490478516
1999,1999_Thinktank_CR_Heritage_87.txt_chunk11,41.42170333862305
1999,1999_Thinktank_CR_Brookings_83.txt_chunk9,84.53919982910156
1999,1999_Thinktank_CR_Heritage_87.txt_chunk6,303.60394287109375
1999,1999_Thinktank_CR_Heritage_87.txt_chunk7,391.2984313964844
1999,1999_Thinktank_CR_Heritage_87.txt_chunk14,51.8170280456543
1999,1999_Thinktank_CR_Heritage_87.txt_chunk15,47.26194763183594
1999,1999_Thinktank_CR_Heritage_87.txt_chunk0,36.6463508605957
1999,1999_Thinktank_CR_Heritage_87.txt_chunk1,45.68350601196289
1999,1999_Thinktank_CR_Heritage_87.txt_chunk2,48.738563537597656
1999,1999_Thinktank_CR_Heritage_87.txt_chunk3,29.026330947875977
1999,1999_Thinktank_CR_Heritage_87.txt_chunk4,36.86994171142578
1999,1999_Thinktank_CR_Heritage_87.txt_chunk5,468.41693115234375
1999,1999_Thinktank_CR_Heritage_87.txt_chunk16,31.837656021118164
1999,1999_Thinktank_CR_Heritage_87.txt_chunk8,251.2386932373047
1999,1999_Thinktank_CR_Heritage_87.txt_chunk9,63.317115783691406
1999,1999_Thinktank_CR_Heritage_87.txt_chunk10,48.52790451049805
1999,1999_Thinktank_CR_Brookings_83.txt_chunk8,85.78619384765625
1999,1999_Thinktank_CR_Heritage_87.txt_chunk12,56.341651916503906
1999,1999_Thinktank_CR_Heritage_87.txt_chunk13,42.16181182861328
1999,1999_Thinktank_CR_Brookings_83.txt_chunk4,43.78936767578125
1999,1999_Thinktank_CR_Brookings_83.txt_chunk5,92.3735580444336
1999,1999_Thinktank_CR_Brookings_83.txt_chunk6,161.014404296875
1999,1999_Thinktank_CR_Brookings_83.txt_chunk7,55.95962905883789
1999,1999_Thinktank_CR_Brookings_83.txt_chunk10,142.41122436523438
1999,1999_Thinktank_CR_Brookings_83.txt_chunk11,76.87617492675781
1999,1999_Thinktank_CR_Brookings_83.txt_chunk12,69.12105560302734
1999,1999_Thinktank_CR_Cato_97.txt_chunk0,41.07379913330078
1999,1999_Thinktank_CR_Brookings_83.txt_chunk0,59.13480758666992
1999,1999_Thinktank_CR_Brookings_83.txt_chunk1,49.6990852355957
1999,1999_Thinktank_CR_Brookings_83.txt_chunk2,67.2515640258789
1999,1999_Thinktank_CR_Brookings_83.txt_chunk3,42.83427047729492
1999,1999_Thinktank_CR_Heritage_76.txt_chunk1,45.16982650756836
1999,1999_Thinktank_CR_Heritage_76.txt_chunk2,61.483638763427734
1999,1999_Thinktank_CR_Heritage_76.txt_chunk3,34.79396438598633
1999,1999_Thinktank_CR_Heritage_76.txt_chunk4,50.00483322143555
1999,1999_Thinktank_CR_Heritage_76.txt_chunk5,67.62613677978516
1999,1999_Thinktank_CR_Heritage_76.txt_chunk6,23.668306350708008
1999,1999_Thinktank_CR_Heritage_76.txt_chunk7,55.006954193115234
1999,1999_Thinktank_CR_Heritage_76.txt_chunk8,56.27500915527344
1999,1999_Thinktank_CR_Heritage_76.txt_chunk9,65.64552307128906
1999,1999_Thinktank_CR_Heritage_76.txt_chunk10,51.02490997314453
1999,1999_Thinktank_CR_Heritage_76.txt_chunk11,35.156028747558594
1999,1999_Thinktank_CR_Heritage_76.txt_chunk12,30.97292137145996
1999,1999_Thinktank_CR_Heritage_76.txt_chunk0,39.27162170410156
1999,1999_Thinktank_CR_Heritage_75.txt_chunk1,55.024688720703125
1999,1999_Thinktank_CR_Heritage_32.txt_chunk24,62.332679748535156
1999,1999_Thinktank_CR_Heritage_32.txt_chunk25,115.0252914428711
1999,1999_Thinktank_CR_Heritage_32.txt_chunk26,55.990779876708984
1999,1999_Thinktank_CR_Heritage_32.txt_chunk27,65.11221313476562
1999,1999_Thinktank_CR_Heritage_32.txt_chunk28,69.70647430419922
1999,1999_Thinktank_CR_Heritage_32.txt_chunk29,101.17337036132812
1999,1999_Thinktank_CR_Heritage_32.txt_chunk14,65.76517486572266
1999,1999_Thinktank_CR_Heritage_32.txt_chunk15,49.35886764526367
1999,1999_Thinktank_CR_Heritage_32.txt_chunk30,111.69512939453125
1999,1999_Thinktank_CR_Heritage_32.txt_chunk31,54.891822814941406
1999,1999_Thinktank_CR_Heritage_32.txt_chunk22,69.88799285888672
1999,1999_Thinktank_CR_Heritage_32.txt_chunk23,101.25518035888672
1999,1999_Thinktank_CR_Brookings_36.txt_chunk9,40.9874382019043
1999,1999_Thinktank_CR_Heritage_75.txt_chunk0,42.78374099731445
1999,1999_Thinktank_CR_Heritage_75.txt_chunk2,113.86271667480469
1999,1999_Thinktank_CR_Brookings_36.txt_chunk0,40.5327033996582
1999,1999_Thinktank_CR_Brookings_36.txt_chunk1,48.442962646484375
1999,1999_Thinktank_CR_Heritage_32.txt_chunk3,87.14228057861328
1999,1999_Thinktank_CR_Heritage_32.txt_chunk5,51.236473083496094
1999,1999_Thinktank_CR_Brookings_36.txt_chunk2,58.01338195800781
1999,1999_Thinktank_CR_Brookings_36.txt_chunk3,49.75782012939453
1999,1999_Thinktank_CR_Brookings_36.txt_chunk4,50.65918731689453
1999,1999_Thinktank_CR_Brookings_36.txt_chunk5,40.761165618896484
1999,1999_Thinktank_CR_Brookings_36.txt_chunk6,32.66843032836914
1999,1999_Thinktank_CR_Brookings_36.txt_chunk7,44.44535827636719
1999,1999_Thinktank_CR_Brookings_36.txt_chunk8,45.2205810546875
1999,1999_Thinktank_CR_Heritage_32.txt_chunk13,47.01946258544922
1999,1999_Thinktank_CR_Brookings_36.txt_chunk10,54.29174041748047
1999,1999_Thinktank_CR_Brookings_36.txt_chunk11,34.77353286743164
1999,1999_Thinktank_CR_Heritage_32.txt_chunk0,76.71724700927734
1999,1999_Thinktank_CR_Heritage_32.txt_chunk1,67.95439147949219
1999,1999_Thinktank_CR_Heritage_32.txt_chunk2,80.03144073486328
1999,1999_Thinktank_CR_Heritage_32.txt_chunk4,54.53912353515625
1999,1999_Thinktank_CR_Heritage_32.txt_chunk6,36.90088653564453
1999,1999_Thinktank_CR_Heritage_32.txt_chunk7,48.224693298339844
1999,1999_Thinktank_CR_Heritage_32.txt_chunk8,70.52751159667969
1999,1999_Thinktank_CR_Heritage_32.txt_chunk9,69.24449920654297
1999,1999_Thinktank_CR_Heritage_32.txt_chunk10,53.104209899902344
1999,1999_Thinktank_CR_Heritage_32.txt_chunk11,43.576717376708984
1999,1999_Thinktank_CR_Heritage_32.txt_chunk12,58.2714958190918
1999,1999_Thinktank_CR_Heritage_32.txt_chunk16,49.702392578125
1999,1999_Thinktank_CR_Heritage_32.txt_chunk17,58.15081024169922
1999,1999_Thinktank_CR_Heritage_32.txt_chunk18,42.92570877075195
1999,1999_Thinktank_CR_Heritage_32.txt_chunk19,84.34423828125
1999,1999_Thinktank_CR_Heritage_32.txt_chunk20,68.2299575805664
1999,1999_Thinktank_CR_Heritage_32.txt_chunk21,97.91458129882812
1999,1999_Thinktank_CR_CFR_41.txt_chunk2,59.74930191040039
1999,1999_Thinktank_CR_CFR_41.txt_chunk3,43.641845703125
1999,1999_Thinktank_CR_CFR_41.txt_chunk4,31.86558723449707
1999,1999_Thinktank_CR_CFR_41.txt_chunk10,36.706703186035156
1999,1999_Thinktank_CR_CFR_41.txt_chunk11,28.785551071166992
1999,1999_Thinktank_CR_CFR_41.txt_chunk12,33.7636833190918
1999,1999_Thinktank_CR_CFR_41.txt_chunk0,57.65086364746094
1999,1999_Thinktank_CR_CFR_41.txt_chunk1,61.98784637451172
1999,1999_Thinktank_CR_CFR_41.txt_chunk5,35.73755645751953
1999,1999_Thinktank_CR_CFR_41.txt_chunk6,35.4047737121582
1999,1999_Thinktank_CR_CFR_41.txt_chunk7,38.60791015625
1999,1999_Thinktank_CR_CFR_41.txt_chunk8,40.33484649658203
1999,1999_Thinktank_CR_CFR_41.txt_chunk9,49.38644790649414
1999,1999_Thinktank_CR_Heritage_14.txt_chunk3,21.94965362548828
1999,1999_Thinktank_CR_Heritage_14.txt_chunk4,33.630401611328125
1999,1999_Thinktank_CR_Heritage_14.txt_chunk5,38.2413215637207
1999,1999_Thinktank_CR_Heritage_14.txt_chunk6,32.86411666870117
1999,1999_Thinktank_CR_Heritage_14.txt_chunk7,47.58279800415039
1999,1999_Thinktank_CR_Heritage_14.txt_chunk8,36.53874206542969
1999,1999_Thinktank_CR_Heritage_14.txt_chunk1,25.498432159423828
1999,1999_Thinktank_CR_Heritage_14.txt_chunk2,56.32279586791992
1999,1999_Thinktank_CR_Brookings_54.txt_chunk15,58.51116943359375
1999,1999_Thinktank_CR_Brookings_54.txt_chunk19,62.62133026123047
1999,1999_Thinktank_CR_Brookings_54.txt_chunk18,31.38532829284668
1999,1999_Thinktank_CR_Brookings_54.txt_chunk17,35.04663848876953
1999,1999_Thinktank_CR_Brookings_54.txt_chunk16,58.398921966552734
1999,1999_Thinktank_CR_AEI_21.txt_chunk5,68.15923309326172
1999,1999_Thinktank_CR_CFR_41.txt_chunk13,49.62366485595703
1999,1999_Thinktank_CR_CFR_41.txt_chunk14,65.96448516845703
1999,1999_Thinktank_CR_Brookings_54.txt_chunk8,45.79607009887695
1999,1999_Thinktank_CR_Brookings_54.txt_chunk9,63.84363555908203
1999,1999_Thinktank_CR_Brookings_54.txt_chunk10,38.504859924316406
1999,1999_Thinktank_CR_Brookings_54.txt_chunk11,70.11563873291016
1999,1999_Thinktank_CR_Brookings_54.txt_chunk12,46.982112884521484
1999,1999_Thinktank_CR_Brookings_54.txt_chunk13,53.819252014160156
1999,1999_Thinktank_CR_Brookings_54.txt_chunk14,63.9110107421875
1999,1999_Thinktank_CR_Brookings_54.txt_chunk7,39.834007263183594
1999,1999_Thinktank_CR_Brookings_54.txt_chunk21,45.4163932800293
1999,1999_Thinktank_CR_Brookings_54.txt_chunk20,39.10960006713867
1999,1999_Thinktank_CR_Heritage_14.txt_chunk22,42.64240264892578
1999,1999_Thinktank_CR_Heritage_14.txt_chunk9,24.332658767700195
1999,1999_Thinktank_CR_Heritage_14.txt_chunk10,39.343746185302734
1999,1999_Thinktank_CR_Heritage_14.txt_chunk11,23.482315063476562
1999,1999_Thinktank_CR_Heritage_14.txt_chunk12,30.546998977661133
1999,1999_Thinktank_CR_Heritage_14.txt_chunk13,22.75606918334961
1999,1999_Thinktank_CR_Heritage_14.txt_chunk14,27.930774688720703
1999,1999_Thinktank_CR_Heritage_14.txt_chunk15,39.699337005615234
1999,1999_Thinktank_CR_Heritage_14.txt_chunk28,48.32936477661133
1999,1999_Thinktank_CR_Heritage_14.txt_chunk17,62.1153450012207
1999,1999_Thinktank_CR_Heritage_14.txt_chunk18,62.05666732788086
1999,1999_Thinktank_CR_Heritage_14.txt_chunk19,36.12071990966797
1999,1999_Thinktank_CR_Heritage_14.txt_chunk20,37.799102783203125
1999,1999_Thinktank_CR_Heritage_14.txt_chunk21,64.84785461425781
1999,1999_Thinktank_CR_Heritage_14.txt_chunk24,45.637142181396484
1999,1999_Thinktank_CR_Heritage_14.txt_chunk23,43.74434280395508
1999,1999_Thinktank_CR_CFR_39.txt_chunk0,67.34552764892578
1999,1999_Thinktank_CR_Heritage_61.txt_chunk5,61.233219146728516
1999,1999_Thinktank_CR_Heritage_14.txt_chunk0,39.31595230102539
1999,1999_Thinktank_CR_Heritage_14.txt_chunk27,47.857059478759766
1999,1999_Thinktank_CR_Heritage_14.txt_chunk26,29.337902069091797
1999,1999_Thinktank_CR_Heritage_61.txt_chunk1,82.49898529052734
1999,1999_Thinktank_CR_Heritage_61.txt_chunk2,71.79266357421875
1999,1999_Thinktank_CR_Heritage_61.txt_chunk3,39.77388000488281
1999,1999_Thinktank_CR_Heritage_61.txt_chunk4,71.3242416381836
1999,1999_Thinktank_CR_Heritage_14.txt_chunk25,74.32418060302734
1999,1999_Thinktank_CR_Heritage_61.txt_chunk6,68.78755187988281
1999,1999_Thinktank_CR_Heritage_61.txt_chunk7,86.14424896240234
1999,1999_Thinktank_CR_Heritage_14.txt_chunk16,84.82521057128906
1999,1999_Thinktank_CR_Heritage_61.txt_chunk9,57.53807067871094
1999,1999_Thinktank_CR_Heritage_61.txt_chunk10,70.82614135742188
1999,1999_Thinktank_CR_Heritage_61.txt_chunk11,60.02077865600586
1999,1999_Thinktank_CR_Heritage_61.txt_chunk12,79.3038558959961
1999,1999_Thinktank_CR_Heritage_61.txt_chunk13,75.58787536621094
1999,1999_Thinktank_CR_CFR_39.txt_chunk5,69.12692260742188
1999,1999_Thinktank_CR_Heritage_61.txt_chunk0,93.3365249633789
1999,1999_Thinktank_CR_Heritage_61.txt_chunk8,69.33641815185547
1999,1999_Thinktank_CR_CFR_39.txt_chunk1,75.6937026977539
1999,1999_Thinktank_CR_CFR_39.txt_chunk2,74.33173370361328
1999,1999_Thinktank_CR_CFR_39.txt_chunk3,49.61179733276367
1999,1999_Thinktank_CR_CFR_39.txt_chunk4,47.78616714477539
1999,1999_Thinktank_CR_CFR_39.txt_chunk6,73.62499237060547
1999,1999_Thinktank_CR_CFR_39.txt_chunk7,123.28507995605469
1999,1999_Thinktank_CR_AEI_21.txt_chunk0,365.6875
1999,1999_Thinktank_CR_Brookings_54.txt_chunk6,66.72782897949219
1999,1999_Thinktank_CR_Brookings_54.txt_chunk5,44.500526428222656
1999,1999_Thinktank_CR_Brookings_54.txt_chunk4,48.39179992675781
1999,1999_Thinktank_CR_Brookings_54.txt_chunk1,43.599082946777344
1999,1999_Thinktank_CR_Brookings_54.txt_chunk0,37.590572357177734
1999,1999_Thinktank_CR_AEI_21.txt_chunk4,34.470272064208984
1999,1999_Thinktank_CR_AEI_21.txt_chunk3,58.704559326171875
1999,1999_Thinktank_CR_AEI_21.txt_chunk2,152.18173217773438
1999,1999_Thinktank_CR_AEI_21.txt_chunk1,244.0182342529297
1999,1999_Thinktank_CR_Brookings_54.txt_chunk3,58.08604431152344
1999,1999_Thinktank_CR_Brookings_54.txt_chunk2,57.6447868347168
1999,1999_Thinktank_CR_CFR_82.txt_chunk1,37.05750274658203
1999,1999_Thinktank_CR_CFR_82.txt_chunk2,30.349767684936523
1999,1999_Thinktank_CR_CFR_82.txt_chunk3,50.26612854003906
1999,1999_Thinktank_CR_CFR_82.txt_chunk4,35.18885803222656
1999,1999_Thinktank_CR_Heritage_94.txt_chunk0,48.17518615722656
1999,1999_Thinktank_CR_CFR_82.txt_chunk5,53.82466506958008
1999,1999_Thinktank_CR_CFR_82.txt_chunk6,42.29908752441406
1999,1999_Thinktank_CR_Heritage_70.txt_chunk0,51.52394485473633
1999,1999_Thinktank_CR_Heritage_70.txt_chunk1,36.86101150512695
1999,1999_Thinktank_CR_Heritage_70.txt_chunk2,44.63778305053711
1999,1999_Thinktank_CR_Heritage_70.txt_chunk3,50.583683013916016
1999,1999_Thinktank_CR_CFR_82.txt_chunk0,31.720746994018555
1999,1999_Thinktank_CR_Heritage_94.txt_chunk1,58.8926887512207
2001,2001_Thinktank_CR_Cato_71.txt_chunk0,38.46499252319336
2001,2001_Thinktank_CR_Cato_71.txt_chunk1,27.82655906677246
2001,2001_Thinktank_CR_Cato_71.txt_chunk2,39.35122299194336
2001,2001_Thinktank_CR_Cato_71.txt_chunk3,105.8001480102539
2001,2001_Thinktank_CR_AEI_78.txt_chunk1,40.30804443359375
2001,2001_Thinktank_CR_AEI_78.txt_chunk2,41.78628921508789
2001,2001_Thinktank_CR_AEI_78.txt_chunk3,39.31852340698242
2001,2001_Thinktank_CR_AEI_78.txt_chunk4,42.83945846557617
2001,2001_Thinktank_CR_AEI_78.txt_chunk5,40.11909103393555
2001,2001_Thinktank_CR_AEI_78.txt_chunk0,30.013874053955078
2001,2001_Thinktank_CR_CFR_17.txt_chunk14,78.50692749023438
2001,2001_Thinktank_CR_CFR_17.txt_chunk7,68.6335678100586
2001,2001_Thinktank_CR_CFR_17.txt_chunk6,52.900062561035156
2001,2001_Thinktank_CR_CFR_17.txt_chunk5,63.109466552734375
2001,2001_Thinktank_CR_CFR_17.txt_chunk15,95.89111328125
2001,2001_Thinktank_CR_CFR_17.txt_chunk13,93.15928649902344
2001,2001_Thinktank_CR_CFR_17.txt_chunk12,55.89344024658203
2001,2001_Thinktank_CR_CFR_17.txt_chunk11,101.58151245117188
2001,2001_Thinktank_CR_CFR_17.txt_chunk10,73.84153747558594
2001,2001_Thinktank_CR_CFR_17.txt_chunk9,83.7782211303711
2001,2001_Thinktank_CR_CFR_17.txt_chunk8,37.63161849975586
2001,2001_Thinktank_CR_Heritage_4.txt_chunk3,35.41173553466797
2001,2001_Thinktank_CR_Heritage_4.txt_chunk4,68.65447998046875
2001,2001_Thinktank_CR_Heritage_4.txt_chunk5,56.60258102416992
2001,2001_Thinktank_CR_Heritage_4.txt_chunk6,58.76723861694336
2001,2001_Thinktank_CR_Heritage_81.txt_chunk9,39.83919143676758
2001,2001_Thinktank_CR_Heritage_81.txt_chunk8,70.79845428466797
2001,2001_Thinktank_CR_Heritage_81.txt_chunk6,61.058860778808594
2001,2001_Thinktank_CR_Heritage_81.txt_chunk7,51.44528579711914
2001,2001_Thinktank_CR_Heritage_81.txt_chunk0,58.59510040283203
2001,2001_Thinktank_CR_Heritage_81.txt_chunk1,61.534523010253906
2001,2001_Thinktank_CR_Heritage_81.txt_chunk2,83.18509674072266
2001,2001_Thinktank_CR_Heritage_81.txt_chunk3,42.923927307128906
2001,2001_Thinktank_CR_Heritage_81.txt_chunk4,75.44927215576172
2001,2001_Thinktank_CR_Heritage_81.txt_chunk5,80.14314270019531
2001,2001_Thinktank_CR_CFR_17.txt_chunk0,73.0836410522461
2001,2001_Thinktank_CR_CFR_17.txt_chunk1,43.184574127197266
2001,2001_Thinktank_CR_CFR_17.txt_chunk2,49.96537399291992
2001,2001_Thinktank_CR_CFR_17.txt_chunk3,46.60734939575195
2001,2001_Thinktank_CR_CFR_17.txt_chunk4,57.981441497802734
2001,2001_Thinktank_CR_Heritage_4.txt_chunk0,39.073829650878906
2001,2001_Thinktank_CR_CFR_15.txt_chunk0,28.392963409423828
2001,2001_Thinktank_CR_CFR_15.txt_chunk1,57.78525161743164
2001,2001_Thinktank_CR_Brookings_52.txt_chunk1,48.106239318847656
2001,2001_Thinktank_CR_Brookings_52.txt_chunk2,44.72944641113281
2001,2001_Thinktank_CR_Brookings_52.txt_chunk3,42.043766021728516
2001,2001_Thinktank_CR_Brookings_52.txt_chunk4,38.47310256958008
2001,2001_Thinktank_CR_Brookings_52.txt_chunk5,50.26523971557617
2001,2001_Thinktank_CR_Brookings_52.txt_chunk6,37.476165771484375
2001,2001_Thinktank_CR_Brookings_52.txt_chunk7,38.31815719604492
2001,2001_Thinktank_CR_Cato_40.txt_chunk4,57.60939407348633
2001,2001_Thinktank_CR_Cato_40.txt_chunk0,57.61714172363281
2001,2001_Thinktank_CR_Cato_40.txt_chunk1,45.917545318603516
2001,2001_Thinktank_CR_Cato_40.txt_chunk2,42.53585433959961
2001,2001_Thinktank_CR_Heritage_4.txt_chunk21,60.75953674316406
2001,2001_Thinktank_CR_Heritage_4.txt_chunk22,84.89735412597656
2001,2001_Thinktank_CR_Heritage_4.txt_chunk7,52.52007293701172
2001,2001_Thinktank_CR_Heritage_4.txt_chunk8,46.37540817260742
2001,2001_Thinktank_CR_Heritage_4.txt_chunk15,52.903846740722656
2001,2001_Thinktank_CR_Heritage_4.txt_chunk16,31.79861831665039
2001,2001_Thinktank_CR_Heritage_4.txt_chunk1,36.310123443603516
2001,2001_Thinktank_CR_Heritage_4.txt_chunk2,59.65996551513672
2001,2001_Thinktank_CR_Heritage_4.txt_chunk20,42.61839294433594
2001,2001_Thinktank_CR_Heritage_4.txt_chunk19,51.49028396606445
2001,2001_Thinktank_CR_Heritage_4.txt_chunk18,43.59687805175781
2001,2001_Thinktank_CR_Heritage_4.txt_chunk17,31.834619522094727
2001,2001_Thinktank_CR_Heritage_4.txt_chunk25,33.4513053894043
2001,2001_Thinktank_CR_Heritage_4.txt_chunk14,43.89384078979492
2001,2001_Thinktank_CR_Heritage_4.txt_chunk13,82.27149200439453
2001,2001_Thinktank_CR_Heritage_4.txt_chunk12,49.62288284301758
2001,2001_Thinktank_CR_Heritage_4.txt_chunk11,81.27671813964844
2001,2001_Thinktank_CR_Heritage_4.txt_chunk10,54.03096389770508
2001,2001_Thinktank_CR_Heritage_4.txt_chunk9,42.31114196777344
2001,2001_Thinktank_CR_Heritage_4.txt_chunk24,41.829898834228516
2001,2001_Thinktank_CR_Heritage_4.txt_chunk23,97.50076293945312
2001,2001_Thinktank_CR_Cato_40.txt_chunk5,46.70835494995117
2001,2001_Thinktank_CR_Brookings_52.txt_chunk0,32.238616943359375
2001,2001_Thinktank_CR_Cato_40.txt_chunk3,35.56852722167969
